CODIGO_DANE_MUNICIPIO;DESC_MUNICIPIO;DESC_DEPARTAMENTO;ZONA
5002;ABEJORRAL;ANTIOQUIA;RURAL
54003;ÁBREGO;NORTE DE SANTANDER;RURAL
5004;ABRIAQUÍ;ANTIOQUIA;RURAL DISPERSO
50006;ACACÍAS;META;URBANO
27006;ACANDÍ;CHOCÓ;RURAL
41006;ACEVEDO;HUILA;RURAL DISPERSO
13006;ACHÍ;BOLÍVAR;RURAL DISPERSO
41013;AGRADO;HUILA;RURAL
25001;AGUA DE DIOS;CUNDINAMARCA;URBANO
20011;AGUACHICA;CESAR;URBANO
68013;AGUADA;SANTANDER;RURAL DISPERSO
17013;AGUADAS;CALDAS;RURAL
85010;AGUAZUL;CASANARE;URBANO
20013;AGUSTÍN CODAZZI;CESAR;URBANO
41016;AIPE;HUILA;RURAL
25019;ALBÁN;CUNDINAMARCA;URBANO
52019;ALBÁN;NARIÑO;URBANO
18029;ALBANIA;CAQUETÁ;RURAL
44035;ALBANIA;LA GUAJIRA;RURAL
68020;ALBANIA;SANTANDER;RURAL DISPERSO
76020;ALCALÁ;VALLE DEL CAUCA;URBANO
52022;ALDANA;NARIÑO;RURAL
5021;ALEJANDRÍA;ANTIOQUIA;RURAL
47030;ALGARROBO;MAGDALENA;RURAL
41020;ALGECIRAS;HUILA;RURAL
19022;ALMAGUER;CAUCA;RURAL
73024;ALPUJARRA;TOLIMA;RURAL DISPERSO
41026;ALTAMIRA;HUILA;RURAL
27025;ALTO BAUDÓ;CHOCÓ;RURAL DISPERSO
13030;ALTOS DEL ROSARIO;BOLÍVAR;RURAL
73026;ALVARADO;TOLIMA;RURAL
5030;AMAGÁ;ANTIOQUIA;URBANO
5031;AMALFI;ANTIOQUIA;RURAL
73030;AMBALEMA;TOLIMA;RURAL
25035;ANAPOIMA;CUNDINAMARCA;URBANO
52036;ANCUYÁ;NARIÑO;RURAL
76036;ANDALUCÍA;VALLE DEL CAUCA;URBANO
5034;ANDES;ANTIOQUIA;URBANO
5036;ANGELÓPOLIS;ANTIOQUIA;URBANO
5038;ANGOSTURA;ANTIOQUIA;RURAL DISPERSO
25040;ANOLAIMA;CUNDINAMARCA;URBANO
5040;ANORÍ;ANTIOQUIA;RURAL
17042;ANSERMA;CALDAS;URBANO
76041;ANSERMANUEVO;VALLE DEL CAUCA;URBANO
5044;ANZÁ;ANTIOQUIA;RURAL DISPERSO
73043;ANZOÁTEGUI;TOLIMA;RURAL DISPERSO
5045;APARTADÓ;ANTIOQUIA;URBANO
66045;APÍA;RISARALDA;URBANO
25599;APULO;CUNDINAMARCA;URBANO
15047;AQUITANIA;BOYACÁ;RURAL
47053;ARACATACA;MAGDALENA;URBANO
17050;ARANZAZU;CALDAS;URBANO
68051;ARATOCA;SANTANDER;RURAL DISPERSO
81001;ARAUCA;ARAUCA;URBANO
81065;ARAUQUITA;ARAUCA;RURAL
25053;ARBELÁEZ;CUNDINAMARCA;URBANO
52051;ARBOLEDA;NARIÑO;URBANO
54051;ARBOLEDAS;NORTE DE SANTANDER;RURAL DISPERSO
5051;ARBOLETES;ANTIOQUIA;URBANO
15051;ARCABUCO;BOYACÁ;RURAL
13042;ARENAL;BOLÍVAR;RURAL DISPERSO
5055;ARGELIA;ANTIOQUIA;RURAL DISPERSO
19050;ARGELIA;CAUCA;RURAL DISPERSO
76054;ARGELIA;VALLE DEL CAUCA;URBANO
47058;ARIGUANÍ;MAGDALENA;RURAL
13052;ARJONA;BOLÍVAR;URBANO
5059;ARMENIA;ANTIOQUIA;RURAL
63001;ARMENIA;QUINDIO;URBANO
73055;ARMERO GUAYABAL;TOLIMA;RURAL
13062;ARROYOHONDO;BOLÍVAR;URBANO
20032;ASTREA;CESAR;RURAL
73067;ATACO;TOLIMA;RURAL DISPERSO
27050;ATRATO;CHOCÓ;RURAL
23068;AYAPEL;CÓRDOBA;URBANO
27073;BAGADÓ;CHOCÓ;RURAL DISPERSO
27075;BAHÍA SOLANO;CHOCÓ;RURAL DISPERSO
27077;BAJO BAUDÓ;CHOCÓ;RURAL DISPERSO
19075;BALBOA;CAUCA;RURAL
66075;BALBOA;RISARALDA;RURAL DISPERSO
8078;BARANOA;ATLÁNTICO;URBANO
41078;BARAYA;HUILA;RURAL
52079;BARBACOAS;NARIÑO;RURAL
5079;BARBOSA;ANTIOQUIA;URBANO
68077;BARBOSA;SANTANDER;URBANO
68079;BARICHARA;SANTANDER;URBANO
50110;BARRANCA DE UPÍA;META;RURAL DISPERSO
68081;BARRANCABERMEJA;SANTANDER;URBANO
44078;BARRANCAS;LA GUAJIRA;RURAL
13074;BARRANCO DE LOBA;BOLÍVAR;RURAL
94343;BARRANCO MINAS;GUAINÍA;RURAL DISPERSO
8001;BARRANQUILLA;ATLÁNTICO;URBANO
20045;BECERRIL;CESAR;RURAL
17088;BELALCÁZAR;CALDAS;URBANO
15087;BELÉN;BOYACÁ;URBANO
52083;BELÉN;NARIÑO;URBANO
18094;BELÉN DE LOS ANDAQUÍES;CAQUETÁ;RURAL
66088;BELÉN DE UMBRÍA;RISARALDA;URBANO
5088;BELLO;ANTIOQUIA;URBANO
5086;BELMIRA;ANTIOQUIA;RURAL DISPERSO
25086;BELTRÁN;CUNDINAMARCA;RURAL DISPERSO
15090;BERBEO;BOYACÁ;RURAL DISPERSO
5091;BETANIA;ANTIOQUIA;URBANO
15092;BETÉITIVA;BOYACÁ;RURAL DISPERSO
5093;BETULIA;ANTIOQUIA;URBANO
68092;BETULIA;SANTANDER;RURAL DISPERSO
25095;BITUIMA;CUNDINAMARCA;RURAL DISPERSO
15097;BOAVITA;BOYACÁ;RURAL
54099;BOCHALEMA;NORTE DE SANTANDER;RURAL
11001;BOGOTÁ D.C;BOGOTÁ;URBANO
25099;BOJACÁ;CUNDINAMARCA;URBANO
27099;BOJAYÁ;CHOCÓ;RURAL DISPERSO
19100;BOLÍVAR;CAUCA;RURAL
68101;BOLÍVAR;SANTANDER;RURAL DISPERSO
76100;BOLÍVAR;VALLE DEL CAUCA;RURAL DISPERSO
20060;BOSCONIA;CESAR;URBANO
15104;BOYACÁ;BOYACÁ;RURAL
5107;BRICEÑO;ANTIOQUIA;RURAL DISPERSO
15106;BRICEÑO;BOYACÁ;RURAL
68001;BUCARAMANGA;SANTANDER;URBANO
54109;BUCARASICA;NORTE DE SANTANDER;RURAL DISPERSO
76109;BUENAVENTURA;VALLE DEL CAUCA;URBANO
15109;BUENAVISTA;BOYACÁ;RURAL
23079;BUENAVISTA;CÓRDOBA;RURAL
63111;BUENAVISTA;QUINDIO;URBANO
70110;BUENAVISTA;SUCRE;URBANO
19110;BUENOS AIRES;CAUCA;RURAL
52110;BUESACO;NARIÑO;RURAL DISPERSO
76113;BUGALAGRANDE;VALLE DEL CAUCA;RURAL
5113;BURITICÁ;ANTIOQUIA;RURAL DISPERSO
15114;BUSBANZÁ;BOYACÁ;RURAL
25120;CABRERA;CUNDINAMARCA;RURAL DISPERSO
50124;CABUYARO;META;RURAL DISPERSO
94886;CACAHUAL;GUAINÍA;RURAL DISPERSO
5120;CÁCERES;ANTIOQUIA;RURAL DISPERSO
25123;CACHIPAY;CUNDINAMARCA;URBANO
54128;CÁCHIRA;NORTE DE SANTANDER;RURAL DISPERSO
54125;CÁCOTA;NORTE DE SANTANDER;RURAL DISPERSO
5125;CAICEDO;ANTIOQUIA;RURAL DISPERSO
76122;CAICEDONIA;VALLE DEL CAUCA;URBANO
70124;CAIMITO;SUCRE;RURAL DISPERSO
73124;CAJAMARCA;TOLIMA;RURAL
19130;CAJIBÍO;CAUCA;RURAL
25126;CAJICÁ;CUNDINAMARCA;URBANO
13140;CALAMAR;BOLÍVAR;URBANO
95015;CALAMAR;GUAVIARE;RURAL DISPERSO
63130;CALARCÁ;QUINDIO;URBANO
5129;CALDAS;ANTIOQUIA;URBANO
15131;CALDAS;BOYACÁ;RURAL DISPERSO
19137;CALDONO;CAUCA;RURAL
76001;CALI;VALLE DEL CAUCA;URBANO
68132;CALIFORNIA;SANTANDER;RURAL
76126;CALIMA;VALLE DEL CAUCA;RURAL
19142;CALOTO;CAUCA;RURAL
5134;CAMPAMENTO;ANTIOQUIA;RURAL
8137;CAMPO DE LA CRUZ;ATLÁNTICO;URBANO
41132;CAMPOALEGRE;HUILA;URBANO
15135;CAMPOHERMOSO;BOYACÁ;RURAL DISPERSO
23090;CANALETE;CÓRDOBA;RURAL
8141;CANDELARIA;ATLÁNTICO;URBANO
76130;CANDELARIA;VALLE DEL CAUCA;URBANO
13160;CANTAGALLO;BOLÍVAR;RURAL
5138;CAÑASGORDAS;ANTIOQUIA;RURAL
25148;CAPARRAPÍ;CUNDINAMARCA;RURAL DISPERSO
68147;CAPITANEJO;SANTANDER;URBANO
25151;CÁQUEZA;CUNDINAMARCA;URBANO
5142;CARACOLÍ;ANTIOQUIA;RURAL
5145;CARAMANTA;ANTIOQUIA;URBANO
68152;CARCASÍ;SANTANDER;RURAL DISPERSO
5147;CAREPA;ANTIOQUIA;URBANO
73148;CARMEN DE APICALÁ;TOLIMA;RURAL
25154;CARMEN DE CARUPA;CUNDINAMARCA;RURAL DISPERSO
27150;CARMEN DEL DARIÉN;CHOCÓ;RURAL DISPERSO
5150;CAROLINA;ANTIOQUIA;RURAL
13001;CARTAGENA DE INDIAS;BOLÍVAR;URBANO
18150;CARTAGENA DEL CHAIRÁ;CAQUETÁ;RURAL DISPERSO
76147;CARTAGO;VALLE DEL CAUCA;URBANO
97161;CARURÚ;VAUPÉS;RURAL DISPERSO
73152;CASABIANCA;TOLIMA;RURAL
50150;CASTILLA LA NUEVA;META;RURAL
5154;CAUCASIA;ANTIOQUIA;URBANO
23162;CERETÉ;CÓRDOBA;URBANO
15162;CERINZA;BOYACÁ;URBANO
68162;CERRITO;SANTANDER;RURAL
47161;CERRO DE SAN ANTONIO;MAGDALENA;RURAL
27160;CÉRTEGUI;CHOCÓ;RURAL
52240;CHACHAGÜÍ;NARIÑO;URBANO
25168;CHAGUANÍ;CUNDINAMARCA;RURAL DISPERSO
70230;CHALÁN;SUCRE;URBANO
85015;CHÁMEZA;CASANARE;RURAL DISPERSO
73168;CHAPARRAL;TOLIMA;URBANO
68167;CHARALÁ;SANTANDER;RURAL
68169;CHARTA;SANTANDER;RURAL DISPERSO
25175;CHÍA;CUNDINAMARCA;URBANO
5172;CHIGORODÓ;ANTIOQUIA;URBANO
68176;CHIMA;SANTANDER;RURAL DISPERSO
23168;CHIMÁ;CÓRDOBA;RURAL DISPERSO
20175;CHIMICHAGUA;CESAR;RURAL
54172;CHINÁCOTA;NORTE DE SANTANDER;URBANO
15172;CHINAVITA;BOYACÁ;RURAL
17174;CHINCHINÁ;CALDAS;URBANO
23182;CHINÚ;CÓRDOBA;URBANO
25178;CHIPAQUE;CUNDINAMARCA;RURAL
15176;CHIQUINQUIRÁ;BOYACÁ;URBANO
15232;CHÍQUIZA;BOYACÁ;RURAL DISPERSO
20178;CHIRIGUANÁ;CESAR;RURAL
15180;CHISCAS;BOYACÁ;RURAL DISPERSO
15183;CHITA;BOYACÁ;RURAL DISPERSO
54174;CHITAGÁ;NORTE DE SANTANDER;RURAL DISPERSO
15185;CHITARAQUE;BOYACÁ;RURAL DISPERSO
15187;CHIVATÁ;BOYACÁ;URBANO
47170;CHIVOLO;MAGDALENA;RURAL
15236;CHIVOR;BOYACÁ;RURAL DISPERSO
25181;CHOACHÍ;CUNDINAMARCA;URBANO
25183;CHOCONTÁ;CUNDINAMARCA;URBANO
13188;CICUCO;BOLÍVAR;URBANO
47189;CIÉNAGA;MAGDALENA;URBANO
23189;CIÉNAGA DE ORO;CÓRDOBA;URBANO
68190;CIMITARRA;SANTANDER;RURAL
63190;CIRCASIA;QUINDIO;URBANO
5190;CISNEROS;ANTIOQUIA;URBANO
5101;CIUDAD BOLÍVAR;ANTIOQUIA;URBANO
13222;CLEMENCIA;BOLÍVAR;URBANO
5197;COCORNÁ;ANTIOQUIA;RURAL
73200;COELLO;TOLIMA;RURAL DISPERSO
25200;COGUA;CUNDINAMARCA;URBANO
41206;COLOMBIA;HUILA;RURAL DISPERSO
52203;COLÓN;NARIÑO;URBANO
86219;COLÓN;PUTUMAYO;URBANO
70204;COLOSÓ;SUCRE;RURAL
15204;CÓMBITA;BOYACÁ;RURAL
5206;CONCEPCIÓN;ANTIOQUIA;RURAL
68207;CONCEPCIÓN;SANTANDER;RURAL
5209;CONCORDIA;ANTIOQUIA;URBANO
47205;CONCORDIA;MAGDALENA;URBANO
27205;CONDOTO;CHOCÓ;RURAL
68209;CONFINES;SANTANDER;RURAL DISPERSO
52207;CONSACÁ;NARIÑO;RURAL
52210;CONTADERO;NARIÑO;URBANO
68211;CONTRATACIÓN;SANTANDER;RURAL
54206;CONVENCIÓN;NORTE DE SANTANDER;RURAL
5212;COPACABANA;ANTIOQUIA;URBANO
15212;COPER;BOYACÁ;RURAL DISPERSO
13212;CÓRDOBA;BOLÍVAR;RURAL DISPERSO
52215;CÓRDOBA;NARIÑO;RURAL DISPERSO
63212;CÓRDOBA;QUINDIO;URBANO
19212;CORINTO;CAUCA;URBANO
68217;COROMORO;SANTANDER;RURAL DISPERSO
70215;COROZAL;SUCRE;URBANO
15215;CORRALES;BOYACÁ;RURAL
25214;COTA;CUNDINAMARCA;URBANO
23300;COTORRA;CÓRDOBA;URBANO
15218;COVARACHÍA;BOYACÁ;RURAL DISPERSO
70221;COVEÑAS;SUCRE;URBANO
73217;COYAIMA;TOLIMA;RURAL DISPERSO
81220;CRAVO NORTE;ARAUCA;RURAL DISPERSO
52224;CUASPÚD;NARIÑO;URBANO
15223;CUBARÁ;BOYACÁ;RURAL DISPERSO
50223;CUBARRAL;META;RURAL DISPERSO
15224;CUCAITA;BOYACÁ;URBANO
25224;CUCUNUBÁ;CUNDINAMARCA;RURAL
54001;CÚCUTA;NORTE DE SANTANDER;URBANO
54223;CUCUTILLA;NORTE DE SANTANDER;RURAL DISPERSO
15226;CUÍTIVA;BOYACÁ;RURAL DISPERSO
50226;CUMARAL;META;RURAL
99773;CUMARIBO;VICHADA;RURAL DISPERSO
52227;CUMBAL;NARIÑO;RURAL DISPERSO
52233;CUMBITARA;NARIÑO;RURAL DISPERSO
73226;CUNDAY;TOLIMA;RURAL DISPERSO
18205;CURILLO;CAQUETÁ;RURAL
68229;CURITÍ;SANTANDER;RURAL
20228;CURUMANÍ;CESAR;RURAL
5234;DABEIBA;ANTIOQUIA;RURAL
76233;DAGUA;VALLE DEL CAUCA;RURAL DISPERSO
44090;DIBULLA;LA GUAJIRA;RURAL DISPERSO
44098;DISTRACCIÓN;LA GUAJIRA;URBANO
73236;DOLORES;TOLIMA;RURAL
5237;DONMATÍAS;ANTIOQUIA;URBANO
66170;DOSQUEBRADAS;RISARALDA;URBANO
15238;DUITAMA;BOYACÁ;URBANO
54239;DURANIA;NORTE DE SANTANDER;RURAL
5240;EBÉJICO;ANTIOQUIA;RURAL
76243;EL ÁGUILA;VALLE DEL CAUCA;RURAL DISPERSO
5250;EL BAGRE;ANTIOQUIA;URBANO
47245;EL BANCO;MAGDALENA;URBANO
76246;EL CAIRO;VALLE DEL CAUCA;RURAL DISPERSO
50245;EL CALVARIO;META;RURAL DISPERSO
27135;EL CANTÓN DEL SAN PABLO;CHOCÓ;RURAL
54245;EL CARMEN;NORTE DE SANTANDER;RURAL DISPERSO
27245;EL CARMEN DE ATRATO;CHOCÓ;RURAL
13244;EL CARMEN DE BOLÍVAR;BOLÍVAR;URBANO
68235;EL CARMEN DE CHUCURÍ;SANTANDER;RURAL DISPERSO
5148;EL CARMEN DE VIBORAL;ANTIOQUIA;URBANO
50251;EL CASTILLO;META;RURAL
76248;EL CERRITO;VALLE DEL CAUCA;URBANO
52250;EL CHARCO;NARIÑO;RURAL DISPERSO
15244;EL COCUY;BOYACÁ;RURAL
25245;EL COLEGIO;CUNDINAMARCA;URBANO
20238;EL COPEY;CESAR;RURAL
18247;EL DONCELLO;CAQUETÁ;RURAL
50270;EL DORADO;META;RURAL
76250;EL DOVIO;VALLE DEL CAUCA;RURAL
91263;EL ENCANTO;AMAZONAS;RURAL DISPERSO
15248;EL ESPINO;BOYACÁ;URBANO
68245;EL GUACAMAYO;SANTANDER;RURAL DISPERSO
13248;EL GUAMO;BOLÍVAR;RURAL
27250;EL LITORAL DEL SAN JUAN;CHOCÓ;RURAL DISPERSO
44110;EL MOLINO;LA GUAJIRA;RURAL
20250;EL PASO;CESAR;RURAL DISPERSO
18256;EL PAUJÍL;CAQUETÁ;RURAL
52254;EL PEÑOL;NARIÑO;RURAL
13268;EL PEÑÓN;BOLÍVAR;RURAL
25258;EL PEÑÓN;CUNDINAMARCA;RURAL DISPERSO
68250;EL PEÑÓN;SANTANDER;RURAL DISPERSO
47258;EL PIÑÓN;MAGDALENA;RURAL
68255;EL PLAYÓN;SANTANDER;RURAL
47268;EL RETÉN;MAGDALENA;URBANO
95025;EL RETORNO;GUAVIARE;RURAL DISPERSO
70233;EL ROBLE;SUCRE;URBANO
25260;EL ROSAL;CUNDINAMARCA;URBANO
52256;EL ROSARIO;NARIÑO;RURAL
5697;EL SANTUARIO;ANTIOQUIA;URBANO
52258;EL TABLÓN DE GÓMEZ;NARIÑO;RURAL
19256;EL TAMBO;CAUCA;RURAL DISPERSO
52260;EL TAMBO;NARIÑO;RURAL
54250;EL TARRA;NORTE DE SANTANDER;RURAL
54261;EL ZULIA;NORTE DE SANTANDER;RURAL
41244;ELÍAS;HUILA;RURAL
68264;ENCINO;SANTANDER;RURAL DISPERSO
68266;ENCISO;SANTANDER;RURAL DISPERSO
5264;ENTRERRÍOS;ANTIOQUIA;RURAL
5266;ENVIGADO;ANTIOQUIA;URBANO
73268;ESPINAL;TOLIMA;URBANO
25269;FACATATIVÁ;CUNDINAMARCA;URBANO
73270;FALAN;TOLIMA;RURAL DISPERSO
17272;FILADELFIA;CALDAS;URBANO
63272;FILANDIA;QUINDIO;URBANO
15272;FIRAVITOBA;BOYACÁ;URBANO
73275;FLANDES;TOLIMA;URBANO
18001;FLORENCIA;CAQUETÁ;URBANO
19290;FLORENCIA;CAUCA;URBANO
15276;FLORESTA;BOYACÁ;RURAL
68271;FLORIÁN;SANTANDER;RURAL DISPERSO
76275;FLORIDA;VALLE DEL CAUCA;URBANO
68276;FLORIDABLANCA;SANTANDER;URBANO
25279;FÓMEQUE;CUNDINAMARCA;RURAL
44279;FONSECA;LA GUAJIRA;URBANO
81300;FORTUL;ARAUCA;RURAL
25281;FOSCA;CUNDINAMARCA;RURAL
52520;FRANCISCO PIZARRO;NARIÑO;RURAL
5282;FREDONIA;ANTIOQUIA;URBANO
73283;FRESNO;TOLIMA;URBANO
5284;FRONTINO;ANTIOQUIA;RURAL
50287;FUENTE DE ORO;META;RURAL
47288;FUNDACIÓN;MAGDALENA;URBANO
52287;FUNES;NARIÑO;RURAL
25286;FUNZA;CUNDINAMARCA;URBANO
25288;FÚQUENE;CUNDINAMARCA;RURAL
25290;FUSAGASUGÁ;CUNDINAMARCA;URBANO
25293;GACHALÁ;CUNDINAMARCA;RURAL
25295;GACHANCIPÁ;CUNDINAMARCA;URBANO
15293;GACHANTIVÁ;BOYACÁ;RURAL DISPERSO
25297;GACHETÁ;CUNDINAMARCA;RURAL
68296;GALÁN;SANTANDER;RURAL DISPERSO
8296;GALAPA;ATLÁNTICO;URBANO
70235;GALERAS;SUCRE;URBANO
25299;GAMA;CUNDINAMARCA;RURAL DISPERSO
20295;GAMARRA;CESAR;RURAL
68298;GÁMBITA;SANTANDER;RURAL DISPERSO
15296;GÁMEZA;BOYACÁ;RURAL
15299;GARAGOA;BOYACÁ;URBANO
41298;GARZÓN;HUILA;URBANO
63302;GÉNOVA;QUINDIO;RURAL
41306;GIGANTE;HUILA;URBANO
76306;GINEBRA;VALLE DEL CAUCA;URBANO
5306;GIRALDO;ANTIOQUIA;RURAL
25307;GIRARDOT;CUNDINAMARCA;URBANO
5308;GIRARDOTA;ANTIOQUIA;URBANO
68307;GIRÓN;SANTANDER;URBANO
5310;GÓMEZ PLATA;ANTIOQUIA;RURAL
20310;GONZÁLEZ;CESAR;RURAL
54313;GRAMALOTE;NORTE DE SANTANDER;RURAL
5313;GRANADA;ANTIOQUIA;URBANO
25312;GRANADA;CUNDINAMARCA;URBANO
50313;GRANADA;META;URBANO
68318;GUACA;SANTANDER;RURAL
76318;GUACARÍ;VALLE DEL CAUCA;URBANO
19300;GUACHENÉ;CAUCA;URBANO
25317;GUACHETÁ;CUNDINAMARCA;URBANO
52317;GUACHUCAL;NARIÑO;RURAL
76111;GUADALAJARA DE BUGA;VALLE DEL CAUCA;URBANO
5315;GUADALUPE;ANTIOQUIA;URBANO
41319;GUADALUPE;HUILA;RURAL
68320;GUADALUPE;SANTANDER;RURAL
25320;GUADUAS;CUNDINAMARCA;RURAL
52320;GUAITARILLA;NARIÑO;URBANO
52323;GUALMATÁN;NARIÑO;URBANO
47318;GUAMAL;MAGDALENA;RURAL DISPERSO
50318;GUAMAL;META;RURAL
73319;GUAMO;TOLIMA;URBANO
19318;GUAPÍ;CAUCA;RURAL
70265;GUARANDA;SUCRE;RURAL
5318;GUARNE;ANTIOQUIA;URBANO
25322;GUASCA;CUNDINAMARCA;RURAL
5321;GUATAPÉ;ANTIOQUIA;URBANO
25324;GUATAQUÍ;CUNDINAMARCA;RURAL
25326;GUATAVITA;CUNDINAMARCA;RURAL DISPERSO
15322;GUATEQUE;BOYACÁ;URBANO
66318;GUÁTICA;RISARALDA;URBANO
68324;GUAVATÁ;SANTANDER;RURAL
25328;GUAYABAL DE SÍQUIMA;CUNDINAMARCA;RURAL
25335;GUAYABETAL;CUNDINAMARCA;RURAL
68327;GÜEPSA;SANTANDER;URBANO
15332;GÜICÁN DE LA SIERRA;BOYACÁ;RURAL DISPERSO
25339;GUTIÉRREZ;CUNDINAMARCA;RURAL DISPERSO
54344;HACARÍ;NORTE DE SANTANDER;RURAL DISPERSO
13300;HATILLO DE LOBA;BOLÍVAR;RURAL
68344;HATO;SANTANDER;RURAL
85125;HATO COROZAL;CASANARE;RURAL DISPERSO
44378;HATONUEVO;LA GUAJIRA;URBANO
5347;HELICONIA;ANTIOQUIA;URBANO
73347;HERVEO;TOLIMA;RURAL DISPERSO
5353;HISPANIA;ANTIOQUIA;URBANO
41349;HOBO;HUILA;RURAL
73349;HONDA;TOLIMA;URBANO
73001;IBAGUÉ;TOLIMA;URBANO
73352;ICONONZO;TOLIMA;URBANO
52352;ILES;NARIÑO;URBANO
52354;IMUÉS;NARIÑO;RURAL
94001;INÍRIDA;GUAINÍA;RURAL DISPERSO
19355;INZÁ;CAUCA;RURAL DISPERSO
52356;IPIALES;NARIÑO;URBANO
41357;ÍQUIRA;HUILA;RURAL DISPERSO
41359;ISNOS;HUILA;RURAL DISPERSO
27361;ISTMINA;CHOCÓ;RURAL
5360;ITAGÜÍ;ANTIOQUIA;URBANO
5361;ITUANGO;ANTIOQUIA;RURAL DISPERSO
15362;IZA;BOYACÁ;URBANO
19364;JAMBALÓ;CAUCA;RURAL
76364;JAMUNDÍ;VALLE DEL CAUCA;URBANO
5364;JARDÍN;ANTIOQUIA;URBANO
15367;JENESANO;BOYACÁ;URBANO
5368;JERICÓ;ANTIOQUIA;URBANO
15368;JERICÓ;BOYACÁ;RURAL DISPERSO
25368;JERUSALÉN;CUNDINAMARCA;RURAL DISPERSO
68368;JESÚS MARÍA;SANTANDER;RURAL DISPERSO
8372;JUAN DE ACOSTA;ATLÁNTICO;URBANO
25372;JUNÍN;CUNDINAMARCA;RURAL DISPERSO
27372;JURADÓ;CHOCÓ;RURAL DISPERSO
23350;LA APARTADA;CÓRDOBA;URBANO
41378;LA ARGENTINA;HUILA;RURAL
68377;LA BELLEZA;SANTANDER;RURAL DISPERSO
25377;LA CALERA;CUNDINAMARCA;URBANO
15380;LA CAPILLA;BOYACÁ;RURAL
5376;LA CEJA;ANTIOQUIA;URBANO
66383;LA CELIA;RISARALDA;URBANO
91405;LA CHORRERA;AMAZONAS;RURAL DISPERSO
52378;LA CRUZ;NARIÑO;URBANO
76377;LA CUMBRE;VALLE DEL CAUCA;RURAL
17380;LA DORADA;CALDAS;URBANO
54385;LA ESPERANZA;NORTE DE SANTANDER;RURAL DISPERSO
5380;LA ESTRELLA;ANTIOQUIA;URBANO
52381;LA FLORIDA;NARIÑO;RURAL
20383;LA GLORIA;CESAR;RURAL
94885;LA GUADALUPE;GUAINÍA;RURAL DISPERSO
20400;LA JAGUA DE IBIRICO;CESAR;RURAL
44420;LA JAGUA DEL PILAR;LA GUAJIRA;RURAL
52385;LA LLANADA;NARIÑO;RURAL
50350;LA MACARENA;META;RURAL DISPERSO
17388;LA MERCED;CALDAS;URBANO
25386;LA MESA;CUNDINAMARCA;URBANO
18410;LA MONTAÑITA;CAQUETÁ;RURAL DISPERSO
25394;LA PALMA;CUNDINAMARCA;URBANO
20621;LA PAZ;CESAR;RURAL
68397;LA PAZ;SANTANDER;RURAL DISPERSO
91407;LA PEDRERA;AMAZONAS;RURAL DISPERSO
25398;LA PEÑA;CUNDINAMARCA;RURAL
5390;LA PINTADA;ANTIOQUIA;URBANO
41396;LA PLATA;HUILA;URBANO
54398;LA PLAYA;NORTE DE SANTANDER;RURAL DISPERSO
99524;LA PRIMAVERA;VICHADA;RURAL DISPERSO
85136;LA SALINA;CASANARE;RURAL DISPERSO
19392;LA SIERRA;CAUCA;RURAL
63401;LA TEBAIDA;QUINDIO;URBANO
52390;LA TOLA;NARIÑO;RURAL
5400;LA UNIÓN;ANTIOQUIA;URBANO
52399;LA UNIÓN;NARIÑO;URBANO
70400;LA UNIÓN;SUCRE;RURAL
76400;LA UNIÓN;VALLE DEL CAUCA;URBANO
15403;LA UVITA;BOYACÁ;RURAL
19397;LA VEGA;CAUCA;RURAL
25402;LA VEGA;CUNDINAMARCA;URBANO
76403;LA VICTORIA;VALLE DEL CAUCA;RURAL
91430;LA VICTORIA;AMAZONAS;RURAL DISPERSO
66400;LA VIRGINIA;RISARALDA;URBANO
54377;LABATECA;NORTE DE SANTANDER;RURAL DISPERSO
15377;LABRANZAGRANDE;BOYACÁ;RURAL DISPERSO
68385;LANDÁZURI;SANTANDER;RURAL DISPERSO
68406;LEBRIJA;SANTANDER;URBANO
52405;LEIVA;NARIÑO;RURAL
50400;LEJANÍAS;META;RURAL
25407;LENGUAZAQUE;CUNDINAMARCA;RURAL
73408;LÉRIDA;TOLIMA;URBANO
91001;LETICIA;AMAZONAS;RURAL
73411;LÍBANO;TOLIMA;URBANO
5411;LIBORINA;ANTIOQUIA;RURAL DISPERSO
52411;LINARES;NARIÑO;RURAL
27413;LLORÓ;CHOCÓ;RURAL
19418;LÓPEZ DE MICAY;CAUCA;RURAL DISPERSO
23417;LORICA;CÓRDOBA;URBANO
52418;LOS ANDES;NARIÑO;RURAL
23419;LOS CÓRDOBAS;CÓRDOBA;RURAL
70418;LOS PALMITOS;SUCRE;URBANO
54405;LOS PATIOS;NORTE DE SANTANDER;URBANO
68418;LOS SANTOS;SANTANDER;RURAL DISPERSO
8421;LURUACO;ATLÁNTICO;URBANO
15425;MACANAL;BOYACÁ;RURAL DISPERSO
68425;MACARAVITA;SANTANDER;RURAL DISPERSO
5425;MACEO;ANTIOQUIA;RURAL
25426;MACHETÁ;CUNDINAMARCA;RURAL DISPERSO
25430;MADRID;CUNDINAMARCA;URBANO
13430;MAGANGUÉ;BOLÍVAR;URBANO
52427;MAGÜÍ;NARIÑO;RURAL DISPERSO
13433;MAHATES;BOLÍVAR;URBANO
44430;MAICAO;LA GUAJIRA;URBANO
70429;MAJAGUAL;SUCRE;RURAL
68432;MÁLAGA;SANTANDER;URBANO
8433;MALAMBO;ATLÁNTICO;URBANO
52435;MALLAMA;NARIÑO;RURAL DISPERSO
8436;MANATÍ;ATLÁNTICO;URBANO
44560;MANAURE;LA GUAJIRA;URBANO
20443;MANAURE BALCÓN DEL CESAR;CESAR;URBANO
85139;MANÍ;CASANARE;RURAL DISPERSO
17001;MANIZALES;CALDAS;URBANO
25436;MANTA;CUNDINAMARCA;RURAL DISPERSO
17433;MANZANARES;CALDAS;URBANO
50325;MAPIRIPÁN;META;RURAL DISPERSO
13440;MARGARITA;BOLÍVAR;RURAL DISPERSO
13442;MARÍA LA BAJA;BOLÍVAR;URBANO
5440;MARINILLA;ANTIOQUIA;URBANO
15442;MARIPÍ;BOYACÁ;RURAL
17442;MARMATO;CALDAS;URBANO
17444;MARQUETALIA;CALDAS;URBANO
66440;MARSELLA;RISARALDA;URBANO
17446;MARULANDA;CALDAS;RURAL DISPERSO
68444;MATANZA;SANTANDER;RURAL DISPERSO
5001;MEDELLÍN;ANTIOQUIA;URBANO
25438;MEDINA;CUNDINAMARCA;RURAL DISPERSO
27425;MEDIO ATRATO;CHOCÓ;RURAL DISPERSO
27430;MEDIO BAUDÓ;CHOCÓ;RURAL DISPERSO
27450;MEDIO SAN JUAN;CHOCÓ;RURAL
73449;MELGAR;TOLIMA;URBANO
19450;MERCADERES;CAUCA;RURAL DISPERSO
50330;MESETAS;META;RURAL DISPERSO
18460;MILÁN;CAQUETÁ;RURAL DISPERSO
15455;MIRAFLORES;BOYACÁ;RURAL
95200;MIRAFLORES;GUAVIARE;RURAL DISPERSO
19455;MIRANDA;CAUCA;URBANO
91460;MIRITÍ - PARANÁ;AMAZONAS;RURAL DISPERSO
66456;MISTRATÓ;RISARALDA;RURAL DISPERSO
97001;MITÚ;VAUPÉS;RURAL DISPERSO
86001;MOCOA;PUTUMAYO;URBANO
68464;MOGOTES;SANTANDER;RURAL
68468;MOLAGAVITA;SANTANDER;RURAL DISPERSO
23464;MOMIL;CÓRDOBA;URBANO
13468;MOMPÓS;BOLÍVAR;URBANO
15464;MONGUA;BOYACÁ;RURAL
15466;MONGUÍ;BOYACÁ;URBANO
15469;MONIQUIRÁ;BOYACÁ;URBANO
5467;MONTEBELLO;ANTIOQUIA;URBANO
13458;MONTECRISTO;BOLÍVAR;RURAL DISPERSO
23466;MONTELÍBANO;CÓRDOBA;URBANO
63470;MONTENEGRO;QUINDIO;URBANO
23001;MONTERÍA;CÓRDOBA;URBANO
85162;MONTERREY;CASANARE;RURAL
23500;MOÑITOS;CÓRDOBA;URBANO
13473;MORALES;BOLÍVAR;RURAL DISPERSO
19473;MORALES;CAUCA;RURAL
18479;MORELIA;CAQUETÁ;RURAL DISPERSO
94888;MORICHAL;GUAINÍA;RURAL DISPERSO
70473;MORROA;SUCRE;URBANO
25473;MOSQUERA;CUNDINAMARCA;URBANO
52473;MOSQUERA;NARIÑO;RURAL
15476;MOTAVITA;BOYACÁ;URBANO
73461;MURILLO;TOLIMA;RURAL DISPERSO
5475;MURINDÓ;ANTIOQUIA;RURAL DISPERSO
5480;MUTATÁ;ANTIOQUIA;RURAL DISPERSO
54480;MUTISCUA;NORTE DE SANTANDER;RURAL DISPERSO
15480;MUZO;BOYACÁ;URBANO
5483;NARIÑO;ANTIOQUIA;RURAL
25483;NARIÑO;CUNDINAMARCA;RURAL
52480;NARIÑO;NARIÑO;URBANO
41483;NÁTAGA;HUILA;RURAL
73483;NATAGAIMA;TOLIMA;RURAL
5495;NECHÍ;ANTIOQUIA;RURAL
5490;NECOCLÍ;ANTIOQUIA;RURAL DISPERSO
17486;NEIRA;CALDAS;URBANO
41001;NEIVA;HUILA;URBANO
25486;NEMOCÓN;CUNDINAMARCA;URBANO
25488;NILO;CUNDINAMARCA;RURAL
25489;NIMAIMA;CUNDINAMARCA;URBANO
15491;NOBSA;BOYACÁ;URBANO
25491;NOCAIMA;CUNDINAMARCA;URBANO
17495;NORCASIA;CALDAS;RURAL
13490;NOROSÍ;BOLÍVAR;RURAL
27491;NÓVITA;CHOCÓ;RURAL DISPERSO
47460;NUEVA GRANADA;MAGDALENA;RURAL
85225;NUNCHÍA;CASANARE;RURAL DISPERSO
27495;NUQUÍ;CHOCÓ;RURAL DISPERSO
76497;OBANDO;VALLE DEL CAUCA;URBANO
68498;OCAMONTE;SANTANDER;RURAL
54498;OCAÑA;NORTE DE SANTANDER;URBANO
68500;OIBA;SANTANDER;RURAL
15500;OICATÁ;BOYACÁ;RURAL DISPERSO
5501;OLAYA;ANTIOQUIA;RURAL DISPERSO
52490;OLAYA HERRERA;NARIÑO;RURAL
68502;ONZAGA;SANTANDER;RURAL DISPERSO
41503;OPORAPA;HUILA;RURAL
86320;ORITO;PUTUMAYO;RURAL
85230;OROCUÉ;CASANARE;RURAL DISPERSO
73504;ORTEGA;TOLIMA;RURAL DISPERSO
52506;OSPINA;NARIÑO;URBANO
15507;OTANCHE;BOYACÁ;RURAL
70508;OVEJAS;SUCRE;RURAL
15511;PACHAVITA;BOYACÁ;RURAL DISPERSO
25513;PACHO;CUNDINAMARCA;URBANO
97511;PACOA;VAUPÉS;RURAL DISPERSO
17513;PÁCORA;CALDAS;RURAL
19513;PADILLA;CAUCA;URBANO
15514;PÁEZ;BOYACÁ;RURAL DISPERSO
19517;PÁEZ;CAUCA;RURAL DISPERSO
41518;PAICOL;HUILA;RURAL
20517;PAILITAS;CESAR;RURAL
25518;PAIME;CUNDINAMARCA;RURAL DISPERSO
15516;PAIPA;BOYACÁ;URBANO
15518;PAJARITO;BOYACÁ;RURAL DISPERSO
41524;PALERMO;HUILA;RURAL
17524;PALESTINA;CALDAS;URBANO
41530;PALESTINA;HUILA;RURAL
8520;PALMAR DE VARELA;ATLÁNTICO;URBANO
68524;PALMAS DEL SOCORRO;SANTANDER;RURAL
76520;PALMIRA;VALLE DEL CAUCA;URBANO
70523;PALMITO;SUCRE;URBANO
73520;PALOCABILDO;TOLIMA;URBANO
54518;PAMPLONA;NORTE DE SANTANDER;URBANO
54520;PAMPLONITA;NORTE DE SANTANDER;RURAL DISPERSO
94887;PANA PANA;GUAINÍA;RURAL DISPERSO
25524;PANDI;CUNDINAMARCA;RURAL
15522;PANQUEBA;BOYACÁ;RURAL
97777;PAPUNAUA;VAUPÉS;RURAL DISPERSO
68533;PÁRAMO;SANTANDER;URBANO
25530;PARATEBUENO;CUNDINAMARCA;RURAL DISPERSO
25535;PASCA;CUNDINAMARCA;RURAL DISPERSO
52001;PASTO;NARIÑO;URBANO
19532;PATÍA;CAUCA;RURAL
15531;PAUNA;BOYACÁ;RURAL DISPERSO
15533;PAYA;BOYACÁ;RURAL DISPERSO
85250;PAZ DE ARIPORO;CASANARE;RURAL DISPERSO
15537;PAZ DE RÍO;BOYACÁ;RURAL
47541;PEDRAZA;MAGDALENA;RURAL
20550;PELAYA;CESAR;RURAL
17541;PENSILVANIA;CALDAS;RURAL
5541;PEÑOL;ANTIOQUIA;URBANO
5543;PEQUE;ANTIOQUIA;RURAL DISPERSO
66001;PEREIRA;RISARALDA;URBANO
15542;PESCA;BOYACÁ;RURAL DISPERSO
19533;PIAMONTE;CAUCA;RURAL DISPERSO
68547;PIEDECUESTA;SANTANDER;URBANO
73547;PIEDRAS;TOLIMA;RURAL
19548;PIENDAMÓ;CAUCA;URBANO
63548;PIJAO;QUINDIO;RURAL
47545;PIJIÑO DEL CARMEN;MAGDALENA;RURAL
68549;PINCHOTE;SANTANDER;RURAL
13549;PINILLOS;BOLÍVAR;RURAL DISPERSO
8549;PIOJÓ;ATLÁNTICO;RURAL
15550;PISBA;BOYACÁ;RURAL DISPERSO
41548;PITAL;HUILA;URBANO
41551;PITALITO;HUILA;URBANO
47551;PIVIJAY;MAGDALENA;RURAL
73555;PLANADAS;TOLIMA;RURAL DISPERSO
23555;PLANETA RICA;CÓRDOBA;URBANO
47555;PLATO;MAGDALENA;URBANO
52540;POLICARPA;NARIÑO;RURAL DISPERSO
8558;POLONUEVO;ATLÁNTICO;URBANO
8560;PONEDERA;ATLÁNTICO;URBANO
19001;POPAYÁN;CAUCA;URBANO
85263;PORE;CASANARE;RURAL
52560;POTOSÍ;NARIÑO;RURAL DISPERSO
76563;PRADERA;VALLE DEL CAUCA;URBANO
73563;PRADO;TOLIMA;RURAL
88564;PROVIDENCIA;ARCHIPIÉLAGO DE SAN ANDRÉS, PROVIDENCIA Y SANTA CATALINA;URBANO
52565;PROVIDENCIA;NARIÑO;URBANO
20570;PUEBLO BELLO;CESAR;RURAL DISPERSO
23570;PUEBLO NUEVO;CÓRDOBA;RURAL
66572;PUEBLO RICO;RISARALDA;RURAL DISPERSO
5576;PUEBLORRICO;ANTIOQUIA;URBANO
47570;PUEBLOVIEJO;MAGDALENA;RURAL
68572;PUENTE NACIONAL;SANTANDER;RURAL
52573;PUERRES;NARIÑO;RURAL
91530;PUERTO ALEGRÍA;AMAZONAS;RURAL DISPERSO
91536;PUERTO ARICA;AMAZONAS;RURAL DISPERSO
86568;PUERTO ASÍS;PUTUMAYO;URBANO
5579;PUERTO BERRÍO;ANTIOQUIA;URBANO
15572;PUERTO BOYACÁ;BOYACÁ;URBANO
86569;PUERTO CAICEDO;PUTUMAYO;RURAL
99001;PUERTO CARREÑO;VICHADA;RURAL DISPERSO
8573;PUERTO COLOMBIA;ATLÁNTICO;URBANO
94884;PUERTO COLOMBIA;GUAINÍA;RURAL DISPERSO
50450;PUERTO CONCORDIA;META;RURAL
23574;PUERTO ESCONDIDO;CÓRDOBA;RURAL
50568;PUERTO GAITÁN;META;RURAL DISPERSO
86571;PUERTO GUZMÁN;PUTUMAYO;RURAL DISPERSO
86573;PUERTO LEGUÍZAMO;PUTUMAYO;RURAL DISPERSO
23580;PUERTO LIBERTADOR;CÓRDOBA;RURAL
50577;PUERTO LLERAS;META;RURAL DISPERSO
50573;PUERTO LÓPEZ;META;RURAL DISPERSO
5585;PUERTO NARE;ANTIOQUIA;RURAL
91540;PUERTO NARIÑO;AMAZONAS;RURAL DISPERSO
68573;PUERTO PARRA;SANTANDER;RURAL DISPERSO
18592;PUERTO RICO;CAQUETÁ;RURAL
50590;PUERTO RICO;META;RURAL DISPERSO
81591;PUERTO RONDÓN;ARAUCA;RURAL DISPERSO
25572;PUERTO SALGAR;CUNDINAMARCA;RURAL
54553;PUERTO SANTANDER;NORTE DE SANTANDER;URBANO
19573;PUERTO TEJADA;CAUCA;URBANO
5591;PUERTO TRIUNFO;ANTIOQUIA;URBANO
68575;PUERTO WILCHES;SANTANDER;RURAL
25580;PULÍ;CUNDINAMARCA;RURAL DISPERSO
52585;PUPIALES;NARIÑO;URBANO
19585;PURACÉ;CAUCA;RURAL DISPERSO
73585;PURIFICACIÓN;TOLIMA;URBANO
23586;PURÍSIMA DE LA CONCEPCIÓN;CÓRDOBA;URBANO
25592;QUEBRADANEGRA;CUNDINAMARCA;RURAL
25594;QUETAME;CUNDINAMARCA;RURAL
27001;QUIBDÓ;CHOCÓ;URBANO
63594;QUIMBAYA;QUINDIO;URBANO
66594;QUINCHÍA;RISARALDA;URBANO
15580;QUÍPAMA;BOYACÁ;RURAL DISPERSO
25596;QUIPILE;CUNDINAMARCA;RURAL
54599;RAGONVALIA;NORTE DE SANTANDER;URBANO
15599;RAMIRIQUÍ;BOYACÁ;URBANO
15600;RÁQUIRA;BOYACÁ;RURAL
85279;RECETOR;CASANARE;RURAL
13580;REGIDOR;BOLÍVAR;URBANO
5604;REMEDIOS;ANTIOQUIA;RURAL
47605;REMOLINO;MAGDALENA;RURAL
8606;REPELÓN;ATLÁNTICO;URBANO
50606;RESTREPO;META;RURAL
76606;RESTREPO;VALLE DEL CAUCA;URBANO
5607;RETIRO;ANTIOQUIA;URBANO
25612;RICAURTE;CUNDINAMARCA;URBANO
52612;RICAURTE;NARIÑO;RURAL DISPERSO
20614;RÍO DE ORO;CESAR;RURAL
27580;RÍO IRÓ;CHOCÓ;RURAL DISPERSO
27600;RÍO QUITO;CHOCÓ;RURAL DISPERSO
13600;RÍO VIEJO;BOLÍVAR;RURAL
73616;RIOBLANCO;TOLIMA;RURAL DISPERSO
76616;RIOFRÍO;VALLE DEL CAUCA;RURAL
44001;RIOHACHA;LA GUAJIRA;URBANO
5615;RIONEGRO;ANTIOQUIA;URBANO
68615;RIONEGRO;SANTANDER;RURAL DISPERSO
17614;RIOSUCIO;CALDAS;URBANO
27615;RIOSUCIO;CHOCÓ;RURAL DISPERSO
17616;RISARALDA;CALDAS;URBANO
41615;RIVERA;HUILA;RURAL
52621;ROBERTO PAYÁN;NARIÑO;RURAL DISPERSO
76622;ROLDANILLO;VALLE DEL CAUCA;URBANO
73622;RONCESVALLES;TOLIMA;RURAL DISPERSO
15621;RONDÓN;BOYACÁ;RURAL DISPERSO
19622;ROSAS;CAUCA;URBANO
73624;ROVIRA;TOLIMA;RURAL
68655;SABANA DE TORRES;SANTANDER;RURAL
8634;SABANAGRANDE;ATLÁNTICO;URBANO
5628;SABANALARGA;ANTIOQUIA;RURAL
8638;SABANALARGA;ATLÁNTICO;URBANO
85300;SABANALARGA;CASANARE;RURAL DISPERSO
47660;SABANAS DE SAN ÁNGEL;MAGDALENA;RURAL DISPERSO
5631;SABANETA;ANTIOQUIA;URBANO
15632;SABOYÁ;BOYACÁ;RURAL DISPERSO
85315;SÁCAMA;CASANARE;RURAL DISPERSO
15638;SÁCHICA;BOYACÁ;URBANO
23660;SAHAGÚN;CÓRDOBA;URBANO
41660;SALADOBLANCO;HUILA;RURAL DISPERSO
17653;SALAMINA;CALDAS;RURAL
47675;SALAMINA;MAGDALENA;RURAL
54660;SALAZAR;NORTE DE SANTANDER;RURAL
73671;SALDAÑA;TOLIMA;URBANO
63690;SALENTO;QUINDIO;RURAL
5642;SALGAR;ANTIOQUIA;RURAL
15646;SAMACÁ;BOYACÁ;URBANO
17662;SAMANÁ;CALDAS;RURAL DISPERSO
52678;SAMANIEGO;NARIÑO;URBANO
70670;SAMPUÉS;SUCRE;URBANO
41668;SAN AGUSTÍN;HUILA;RURAL
20710;SAN ALBERTO;CESAR;RURAL
68669;SAN ANDRÉS;SANTANDER;RURAL
88001;SAN ANDRÉS;ARCHIPIÉLAGO DE SAN ANDRÉS, PROVIDENCIA Y SANTA CATALINA;URBANO
5647;SAN ANDRÉS DE CUERQUÍA;ANTIOQUIA;RURAL
23670;SAN ANDRÉS DE SOTAVENTO;CÓRDOBA;URBANO
52835;SAN ANDRÉS DE TUMACO;NARIÑO;URBANO
23672;SAN ANTERO;CÓRDOBA;URBANO
73675;SAN ANTONIO;TOLIMA;RURAL DISPERSO
25645;SAN ANTONIO DEL TEQUENDAMA;CUNDINAMARCA;URBANO
68673;SAN BENITO;SANTANDER;RURAL
70678;SAN BENITO ABAD;SUCRE;RURAL DISPERSO
25649;SAN BERNARDO;CUNDINAMARCA;RURAL
52685;SAN BERNARDO;NARIÑO;URBANO
23675;SAN BERNARDO DEL VIENTO;CÓRDOBA;URBANO
54670;SAN CALIXTO;NORTE DE SANTANDER;RURAL DISPERSO
5649;SAN CARLOS;ANTIOQUIA;RURAL
23678;SAN CARLOS;CÓRDOBA;RURAL
50680;SAN CARLOS DE GUAROA;META;RURAL
25653;SAN CAYETANO;CUNDINAMARCA;RURAL DISPERSO
54673;SAN CAYETANO;NORTE DE SANTANDER;RURAL
13620;SAN CRISTÓBAL;BOLÍVAR;URBANO
20750;SAN DIEGO;CESAR;RURAL
15660;SAN EDUARDO;BOYACÁ;RURAL
13647;SAN ESTANISLAO;BOLÍVAR;URBANO
94883;SAN FELIPE;GUAINÍA;RURAL DISPERSO
13650;SAN FERNANDO;BOLÍVAR;RURAL DISPERSO
5652;SAN FRANCISCO;ANTIOQUIA;RURAL
25658;SAN FRANCISCO;CUNDINAMARCA;URBANO
86755;SAN FRANCISCO;PUTUMAYO;RURAL
68679;SAN GIL;SANTANDER;URBANO
13654;SAN JACINTO;BOLÍVAR;RURAL
13655;SAN JACINTO DEL CAUCA;BOLÍVAR;RURAL DISPERSO
5656;SAN JERÓNIMO;ANTIOQUIA;URBANO
68682;SAN JOAQUÍN;SANTANDER;RURAL DISPERSO
17665;SAN JOSÉ;CALDAS;URBANO
5658;SAN JOSÉ DE LA MONTAÑA;ANTIOQUIA;RURAL
68684;SAN JOSÉ DE MIRANDA;SANTANDER;RURAL
15664;SAN JOSÉ DE PARE;BOYACÁ;RURAL
23682;SAN JOSÉ DE URÉ;CORDOBA;RURAL
18610;SAN JOSÉ DEL FRAGUA;CAQUETÁ;RURAL
95001;SAN JOSÉ DEL GUAVIARE;GUAVIARE;RURAL
27660;SAN JOSÉ DEL PALMAR;CHOCÓ;RURAL DISPERSO
50683;SAN JUAN DE ARAMA;META;RURAL DISPERSO
70702;SAN JUAN DE BETULIA;SUCRE;URBANO
25662;SAN JUAN DE RIOSECO;CUNDINAMARCA;RURAL
5659;SAN JUAN DE URABÁ;ANTIOQUIA;URBANO
44650;SAN JUAN DEL CESAR;LA GUAJIRA;RURAL
13657;SAN JUAN NEPOMUCENO;BOLÍVAR;URBANO
50686;SAN JUANITO;META;RURAL
52687;SAN LORENZO;NARIÑO;RURAL
5660;SAN LUIS;ANTIOQUIA;RURAL
73678;SAN LUIS;TOLIMA;RURAL DISPERSO
15667;SAN LUIS DE GACENO;BOYACÁ;RURAL
85325;SAN LUIS DE PALENQUE;CASANARE;RURAL DISPERSO
70742;SAN LUIS DE SINCÉ;SUCRE;URBANO
70708;SAN MARCOS;SUCRE;URBANO
20770;SAN MARTÍN;CESAR;RURAL
50689;SAN MARTÍN;META;RURAL DISPERSO
13667;SAN MARTÍN DE LOBA;BOLÍVAR;RURAL
15673;SAN MATEO;BOYACÁ;RURAL
68686;SAN MIGUEL;SANTANDER;RURAL DISPERSO
86757;SAN MIGUEL;PUTUMAYO;RURAL
15676;SAN MIGUEL DE SEMA;BOYACÁ;RURAL
70713;SAN ONOFRE;SUCRE;RURAL
13670;SAN PABLO;BOLÍVAR;URBANO
52693;SAN PABLO;NARIÑO;URBANO
15681;SAN PABLO DE BORBUR;BOYACÁ;RURAL
70717;SAN PEDRO;SUCRE;URBANO
76670;SAN PEDRO;VALLE DEL CAUCA;URBANO
52694;SAN PEDRO DE CARTAGO;NARIÑO;URBANO
5664;SAN PEDRO DE LOS MILAGROS;ANTIOQUIA;URBANO
5665;SAN PEDRO DE URABÁ;ANTIOQUIA;URBANO
23686;SAN PELAYO;CÓRDOBA;RURAL
5667;SAN RAFAEL;ANTIOQUIA;RURAL
5670;SAN ROQUE;ANTIOQUIA;RURAL
19693;SAN SEBASTIÁN;CAUCA;RURAL DISPERSO
47692;SAN SEBASTIÁN DE BUENAVISTA;MAGDALENA;RURAL
73443;SAN SEBASTIÁN DE MARIQUITA;TOLIMA;URBANO
68689;SAN VICENTE DE CHUCURÍ;SANTANDER;RURAL
18753;SAN VICENTE DEL CAGUÁN;CAQUETÁ;RURAL
5674;SAN VICENTE FERRER;ANTIOQUIA;URBANO
47703;SAN ZENÓN;MAGDALENA;RURAL DISPERSO
52683;SANDONÁ;NARIÑO;URBANO
47707;SANTA ANA;MAGDALENA;RURAL
5679;SANTA BÁRBARA;ANTIOQUIA;URBANO
52696;SANTA BÁRBARA;NARIÑO;RURAL DISPERSO
68705;SANTA BÁRBARA;SANTANDER;RURAL DISPERSO
47720;SANTA BÁRBARA DE PINTO;MAGDALENA;RURAL
13673;SANTA CATALINA;BOLÍVAR;URBANO
5042;SANTA FÉ DE ANTIOQUIA;ANTIOQUIA;RURAL
68720;SANTA HELENA DEL OPÓN;SANTANDER;RURAL DISPERSO
73686;SANTA ISABEL;TOLIMA;RURAL
8675;SANTA LUCÍA;ATLÁNTICO;URBANO
15690;SANTA MARÍA;BOYACÁ;RURAL DISPERSO
41676;SANTA MARÍA;HUILA;RURAL DISPERSO
47001;SANTA MARTA;MAGDALENA;URBANO
13683;SANTA ROSA;BOLÍVAR;URBANO
19701;SANTA ROSA;CAUCA;RURAL DISPERSO
66682;SANTA ROSA DE CABAL;RISARALDA;URBANO
5686;SANTA ROSA DE OSOS;ANTIOQUIA;RURAL
15693;SANTA ROSA DE VITERBO;BOYACÁ;URBANO
13688;SANTA ROSA DEL SUR;BOLÍVAR;RURAL
99624;SANTA ROSALÍA;VICHADA;RURAL DISPERSO
15686;SANTANA;BOYACÁ;URBANO
19698;SANTANDER DE QUILICHAO;CAUCA;URBANO
54680;SANTIAGO;NORTE DE SANTANDER;RURAL
86760;SANTIAGO;PUTUMAYO;RURAL
70820;SANTIAGO DE TOLÚ;SUCRE;URBANO
5690;SANTO DOMINGO;ANTIOQUIA;RURAL DISPERSO
8685;SANTO TOMÁS;ATLÁNTICO;URBANO
66687;SANTUARIO;RISARALDA;URBANO
52720;SAPUYES;NARIÑO;RURAL DISPERSO
81736;SARAVENA;ARAUCA;URBANO
54720;SARDINATA;NORTE DE SANTANDER;RURAL
25718;SASAIMA;CUNDINAMARCA;RURAL
15720;SATIVANORTE;BOYACÁ;RURAL DISPERSO
5736;SEGOVIA;ANTIOQUIA;URBANO
25736;SESQUILÉ;CUNDINAMARCA;RURAL
76736;SEVILLA;VALLE DEL CAUCA;URBANO
15740;SIACHOQUE;BOYACÁ;RURAL
25740;SIBATÉ;CUNDINAMARCA;URBANO
86749;SIBUNDOY;PUTUMAYO;URBANO
54743;SILOS;NORTE DE SANTANDER;RURAL DISPERSO
25743;SILVANIA;CUNDINAMARCA;URBANO
19743;SILVIA;CAUCA;RURAL
68745;SIMACOTA;SANTANDER;RURAL DISPERSO
25745;SIMIJACA;CUNDINAMARCA;URBANO
13744;SIMITÍ;BOLÍVAR;RURAL
70001;SINCELEJO;SUCRE;URBANO
27745;SIPÍ;CHOCÓ;RURAL DISPERSO
47745;SITIONUEVO;MAGDALENA;RURAL
25754;SOACHA;CUNDINAMARCA;URBANO
15753;SOATÁ;BOYACÁ;URBANO
15757;SOCHA;BOYACÁ;RURAL
68755;SOCORRO;SANTANDER;URBANO
15755;SOCOTÁ;BOYACÁ;RURAL DISPERSO
15759;SOGAMOSO;BOYACÁ;URBANO
18756;SOLANO;CAQUETÁ;RURAL DISPERSO
8758;SOLEDAD;ATLÁNTICO;URBANO
18785;SOLITA;CAQUETÁ;RURAL
15761;SOMONDOCO;BOYACÁ;RURAL
5756;SONSÓN;ANTIOQUIA;RURAL
5761;SOPETRÁN;ANTIOQUIA;URBANO
13760;SOPLAVIENTO;BOLÍVAR;URBANO
25758;SOPÓ;CUNDINAMARCA;URBANO
15762;SORA;BOYACÁ;RURAL
15764;SORACÁ;BOYACÁ;RURAL
15763;SOTAQUIRÁ;BOYACÁ;RURAL DISPERSO
19760;SOTARA;CAUCA;RURAL DISPERSO
68770;SUAITA;SANTANDER;RURAL DISPERSO
8770;SUAN;ATLÁNTICO;URBANO
19780;SUÁREZ;CAUCA;RURAL
73770;SUÁREZ;TOLIMA;RURAL
41770;SUAZA;HUILA;RURAL DISPERSO
25769;SUBACHOQUE;CUNDINAMARCA;URBANO
19785;SUCRE;CAUCA;RURAL
68773;SUCRE;SANTANDER;RURAL DISPERSO
70771;SUCRE;SUCRE;RURAL
25772;SUESCA;CUNDINAMARCA;URBANO
25777;SUPATÁ;CUNDINAMARCA;RURAL DISPERSO
17777;SUPÍA;CALDAS;URBANO
68780;SURATÁ;SANTANDER;RURAL DISPERSO
25779;SUSA;CUNDINAMARCA;URBANO
15774;SUSACÓN;BOYACÁ;RURAL
15776;SUTAMARCHÁN;BOYACÁ;RURAL
25781;SUTATAUSA;CUNDINAMARCA;URBANO
15778;SUTATENZA;BOYACÁ;URBANO
25785;TABIO;CUNDINAMARCA;URBANO
27787;TADÓ;CHOCÓ;RURAL
13780;TALAIGUA NUEVO;BOLÍVAR;RURAL
20787;TAMALAMEQUE;CESAR;RURAL
85400;TÁMARA;CASANARE;RURAL DISPERSO
81794;TAME;ARAUCA;RURAL DISPERSO
5789;TÁMESIS;ANTIOQUIA;URBANO
52786;TAMINANGO;NARIÑO;RURAL
52788;TANGUA;NARIÑO;RURAL DISPERSO
97666;TARAIRA;VAUPÉS;RURAL DISPERSO
91798;TARAPACÁ;AMAZONAS;RURAL DISPERSO
5790;TARAZÁ;ANTIOQUIA;URBANO
41791;TARQUI;HUILA;RURAL
5792;TARSO;ANTIOQUIA;URBANO
15790;TASCO;BOYACÁ;RURAL DISPERSO
85410;TAURAMENA;CASANARE;RURAL DISPERSO
25793;TAUSA;CUNDINAMARCA;RURAL DISPERSO
41799;TELLO;HUILA;RURAL
25797;TENA;CUNDINAMARCA;URBANO
47798;TENERIFE;MAGDALENA;RURAL
25799;TENJO;CUNDINAMARCA;URBANO
15798;TENZA;BOYACÁ;RURAL
54800;TEORAMA;NORTE DE SANTANDER;RURAL DISPERSO
41801;TERUEL;HUILA;RURAL
41797;TESALIA;HUILA;RURAL
25805;TIBACUY;CUNDINAMARCA;RURAL
15804;TIBANÁ;BOYACÁ;RURAL
15806;TIBASOSA;BOYACÁ;URBANO
25807;TIBIRITA;CUNDINAMARCA;RURAL
54810;TIBÚ;NORTE DE SANTANDER;RURAL
23807;TIERRALTA;CÓRDOBA;URBANO
41807;TIMANÁ;HUILA;URBANO
19807;TIMBÍO;CAUCA;URBANO
19809;TIMBIQUÍ;CAUCA;RURAL DISPERSO
15808;TINJACÁ;BOYACÁ;RURAL DISPERSO
15810;TIPACOQUE;BOYACÁ;RURAL DISPERSO
13810;TIQUISIO;BOLÍVAR;RURAL DISPERSO
5809;TITIRIBÍ;ANTIOQUIA;URBANO
15814;TOCA;BOYACÁ;URBANO
25815;TOCAIMA;CUNDINAMARCA;URBANO
25817;TOCANCIPÁ;CUNDINAMARCA;URBANO
5819;TOLEDO;ANTIOQUIA;RURAL DISPERSO
54820;TOLEDO;NORTE DE SANTANDER;RURAL DISPERSO
70823;TOLÚ VIEJO;SUCRE;RURAL
68820;TONA;SANTANDER;RURAL DISPERSO
15820;TÓPAGA;BOYACÁ;URBANO
25823;TOPAIPÍ;CUNDINAMARCA;RURAL DISPERSO
19821;TORIBÍO;CAUCA;RURAL
76823;TORO;VALLE DEL CAUCA;URBANO
15822;TOTA;BOYACÁ;RURAL DISPERSO
19824;TOTORÓ;CAUCA;RURAL
85430;TRINIDAD;CASANARE;RURAL DISPERSO
76828;TRUJILLO;VALLE DEL CAUCA;URBANO
8832;TUBARÁ;ATLÁNTICO;URBANO
23815;TUCHÍN;CORDOBA;URBANO
76834;TULUÁ;VALLE DEL CAUCA;URBANO
15001;TUNJA;BOYACÁ;URBANO
52838;TÚQUERRES;NARIÑO;URBANO
13836;TURBACO;BOLÍVAR;URBANO
13838;TURBANÁ;BOLÍVAR;URBANO
5837;TURBO;ANTIOQUIA;URBANO
15835;TURMEQUÉ;BOYACÁ;URBANO
15837;TUTA;BOYACÁ;RURAL
15839;TUTAZÁ;BOYACÁ;RURAL DISPERSO
25839;UBALÁ;CUNDINAMARCA;RURAL DISPERSO
25841;UBAQUE;CUNDINAMARCA;RURAL
76845;ULLOA;VALLE DEL CAUCA;URBANO
15842;ÚMBITA;BOYACÁ;RURAL
25845;UNE;CUNDINAMARCA;RURAL
27800;UNGUÍA;CHOCÓ;RURAL
27810;UNIÓN PANAMERICANA;CHOCÓ;URBANO
5842;URAMITA;ANTIOQUIA;RURAL
50370;URIBE;META;RURAL DISPERSO
44847;URIBIA;LA GUAJIRA;RURAL DISPERSO
5847;URRAO;ANTIOQUIA;RURAL
44855;URUMITA;LA GUAJIRA;URBANO
8849;USIACURÍ;ATLÁNTICO;URBANO
25851;ÚTICA;CUNDINAMARCA;URBANO
5854;VALDIVIA;ANTIOQUIA;RURAL DISPERSO
23855;VALENCIA;CÓRDOBA;RURAL
68855;VALLE DE SAN JOSÉ;SANTANDER;URBANO
73854;VALLE DE SAN JUAN;TOLIMA;RURAL
86865;VALLE DEL GUAMUEZ;PUTUMAYO;URBANO
20001;VALLEDUPAR;CESAR;URBANO
5856;VALPARAÍSO;ANTIOQUIA;RURAL
18860;VALPARAÍSO;CAQUETÁ;RURAL
5858;VEGACHÍ;ANTIOQUIA;RURAL
68861;VÉLEZ;SANTANDER;RURAL
73861;VENADILLO;TOLIMA;URBANO
5861;VENECIA;ANTIOQUIA;URBANO
25506;VENECIA;CUNDINAMARCA;RURAL DISPERSO
15861;VENTAQUEMADA;BOYACÁ;URBANO
25862;VERGARA;CUNDINAMARCA;RURAL
76863;VERSALLES;VALLE DEL CAUCA;RURAL
68867;VETAS;SANTANDER;RURAL
25867;VIANÍ;CUNDINAMARCA;URBANO
17867;VICTORIA;CALDAS;RURAL
5873;VIGÍA DEL FUERTE;ANTIOQUIA;RURAL DISPERSO
76869;VIJES;VALLE DEL CAUCA;URBANO
54871;VILLA CARO;NORTE DE SANTANDER;RURAL
15407;VILLA DE LEYVA;BOYACÁ;URBANO
25843;VILLA DE SAN DIEGO DE UBATÉ;CUNDINAMARCA;URBANO
54874;VILLA DEL ROSARIO;NORTE DE SANTANDER;URBANO
19845;VILLA RICA;CAUCA;URBANO
86885;VILLAGARZÓN;PUTUMAYO;RURAL
25871;VILLAGÓMEZ;CUNDINAMARCA;RURAL DISPERSO
73870;VILLAHERMOSA;TOLIMA;RURAL
17873;VILLAMARÍA;CALDAS;URBANO
13873;VILLANUEVA;BOLÍVAR;URBANO
44874;VILLANUEVA;LA GUAJIRA;URBANO
68872;VILLANUEVA;SANTANDER;URBANO
85440;VILLANUEVA;CASANARE;RURAL
25873;VILLAPINZÓN;CUNDINAMARCA;URBANO
73873;VILLARRICA;TOLIMA;RURAL
50001;VILLAVICENCIO;META;URBANO
41872;VILLAVIEJA;HUILA;RURAL
25875;VILLETA;CUNDINAMARCA;URBANO
25878;VIOTÁ;CUNDINAMARCA;URBANO
50711;VISTAHERMOSA;META;RURAL DISPERSO
17877;VITERBO;CALDAS;URBANO
25885;YACOPÍ;CUNDINAMARCA;RURAL DISPERSO
52885;YACUANQUER;NARIÑO;RURAL
41885;YAGUARÁ;HUILA;RURAL
5885;YALÍ;ANTIOQUIA;RURAL
5887;YARUMAL;ANTIOQUIA;URBANO
97889;YAVARATÉ;VAUPÉS;RURAL DISPERSO
5890;YOLOMBÓ;ANTIOQUIA;RURAL
5893;YONDÓ;ANTIOQUIA;RURAL DISPERSO
85001;YOPAL;CASANARE;URBANO
76890;YOTOCO;VALLE DEL CAUCA;RURAL
76892;YUMBO;VALLE DEL CAUCA;URBANO
13894;ZAMBRANO;BOLÍVAR;RURAL
68895;ZAPATOCA;SANTANDER;RURAL
47960;ZAPAYÁN;MAGDALENA;RURAL
5895;ZARAGOZA;ANTIOQUIA;RURAL
76895;ZARZAL;VALLE DEL CAUCA;URBANO
15897;ZETAQUIRA;BOYACÁ;RURAL DISPERSO
25898;ZIPACÓN;CUNDINAMARCA;URBANO
25899;ZIPAQUIRÁ;CUNDINAMARCA;URBANO
47980;ZONA BANANERA;MAGDALENA;URBANO
